
{
    "events": [
	{
            "type":"afcg",
            "data":{
                "time":2,
                "times":50000,
                "interval":200,
                "factor":0.2
            }
        },
        {
            "type":"arecg",
            "data":{
	        "id":"r",
                "time":0,
                "times":30000,
                "interval":300,
                "typeTo":"mi",
                "amount":300,
	       
	        "properties":{
			     "maxDepth":30
			    },
	 	"class":"simulator.model.entity.individuals.MyIndividual"
            }
        },
        {
	    "type":"ss",
	    "data":{
                "time":100000,
                "times":5,
                "interval":100000,
				"filename":"test1",
				"replacement":false
				}
		},
        {
	    "type":"sti",
	    "data":{
                "time":200000,
                "times":100,
                "interval":10000,
				"filename":"test1",
				"replacement":false
				}
		},
        {
	    "type":"rs",
	    "data":{
                "time":2000000,
                "times":20,
                "interval":50100
				}
		}
    ]
}
    
