
{
    "events": [
 
	{
            "type":"ae",
            "data":{
                "time":0,
                "entities":[
			   {
			   "type":"f",
			   "data":{
				   "foodAmount":10.0,
				   "lifeTime":10000,
				   "id":"5",
				   "x":10,
			            "y":40
			          }
			   },
			   {
			   "type":"f",
			   "data":{
				   "foodAmount":10.0,
				   "lifeTime":10000,
				   "id":"5",
				   "x":30,
			            "y":40
			          }
			   },
			   {
			   "type":"f",
			   "data":{
				   "foodAmount":10.0,
				   "lifeTime":10000,
				   "id":"5",
				   "x":50,
			            "y":40
			          }
			   },
			   {
			   "type":"f",
			   "data":{
				   "foodAmount":10.0,
				   "lifeTime":10000,
				   "id":"5",
				   "x":80,
			            "y":40
			          }
			   },
			   {
			   "type":"f",
			   "data":{
				   "foodAmount":10.0,
				   "lifeTime":10000,
				   "id":"5",
				   "x":120,
			            "y":40
			          }
			   },
			   {
			   "type":"f",
			   "data":{
				   "foodAmount":10.0,
				   "lifeTime":10000,
				   "id":"5",
				   "x":140,
			            "y":40
			          }
			   },
			   {
			   "type":"f",
			   "data":{
				   "foodAmount":10.0,
				   "lifeTime":10000,
				   "id":"5",
				   "x":140,
			            "y":40
			          }
			   },
			   {
			   "type":"f",
			   "data":{
				   "foodAmount":10.0,
				   "lifeTime":10000,
				   "id":"5",
				   "x":140,
			            "y":50
			          }
			   },
			   {
			   "type":"f",
			   "data":{
				   "foodAmount":10.0,
				   "lifeTime":10000,
				   "id":"5",
				   "x":140,
			            "y":80
			          }
			   },
			   {
			   "type":"f",
			   "data":{
				   "foodAmount":10.0,
				   "lifeTime":10000,
				   "id":"5",
				   "x":140,
			            "y":120
			          }
			   },
			   {
			   "type":"f",
			   "data":{
				   "foodAmount":10.0,
				   "lifeTime":10000,
				   "id":"5",
				   "x":140,
			            "y":150
			          }
			   },
			   {
			   "type":"f",
			   "data":{
				   "foodAmount":10.0,
				   "lifeTime":10000,
				   "id":"5",
				   "x":140,
			            "y":190
			          }
			   },
			   {
			   "type":"f",
			   "data":{
				   "foodAmount":10.0,
				   "lifeTime":10000,
				   "id":"5",
				   "x":110,
			            "y":190
			          }
			   },
			   {
			   "type":"f",
			   "data":{
				   "foodAmount":10.0,
				   "lifeTime":10000,
				   "id":"5",
				   "x":80,
			            "y":190
			          }
			   },
			   {
			   "type":"f",
			   "data":{
				   "foodAmount":10.0,
				   "lifeTime":10000,
				   "id":"5",
				   "x":80,
			            "y":230
			          }
			   },
			   {
			   "type":"f",
			   "data":{
				   "foodAmount":10.0,
				   "lifeTime":10000,
				   "id":"5",
				   "x":80,
			            "y":260
			          }
			   },
			   {
			   "type":"f",
			   "data":{
				   "foodAmount":10.0,
				   "lifeTime":10000,
				   "id":"5",
				   "x":100,
			            "y":300
			          }
			   },
			   {
			   "type":"f",
			   "data":{
				   "foodAmount":10.0,
				   "lifeTime":10000,
				   "id":"5",
				   "x":100,
			            "y":340
			          }
			   },
			   {
			   "type":"f",
			   "data":{
				   "foodAmount":10.0,
				   "lifeTime":10000,
				   "id":"5",
				   "x":140,
			            "y":350
			          }
			   },
			   {
			   "type":"f",
			   "data":{
				   "foodAmount":10.0,
				   "lifeTime":10000,
				   "id":"5",
				   "x":145,
			            "y":320
			          }
			   }
			  ]
                    }
        }
    ]
}
    
